ITEM	CAL	FAT	SFAT	TFAT	CHOL	SALT	CARB	FBR	SGR	PRO	CATEGORY
Bacon Clubhouse Burger 9.7 oz (274 g)	740	41	16	1.5	125	1480	51	4	14	40	BURGERSANDWICH
Premium Grilled Chicken Bacon Clubhouse Sandwich 10 oz (285 g)	610	26	8	0	125	1750	50	3	14	45	BURGERSANDWICH
Premium Buttermilk Crispy Chicken Bacon Clubhouse Sandwich 10.1 oz (287 g)	790	40	11	0.5	110	1620	67	5	15	40	BURGERSANDWICH
McChicken ® 5.1 oz (144 g)	370	17	3.5	0	40	650	40	2	5	14	BURGERSANDWICH
Buffalo Ranch McChicken 5.2 oz (148 g)	370	17	3.5	0	40	850	41	2	5	14	BURGERSANDWICH
Bacon Buffalo Ranch McChicken 5.7 oz (162 g)	440	21	5	0	55	1120	41	2	6	20	BURGERSANDWICH
Bacon Cheddar McChicken 6.1 oz (172 g)	490	25	7	0	70	1120	43	2	6	22	BURGERSANDWICH
Southern Style Buttermilk Crispy Chicken Sandwich 5.7 oz (162 g)	470	21	4.5	0	65	800	46	2	5	25	BURGERSANDWICH
Filet-O-Fish 5 oz (142 g)	390	19	4	0	40	590	39	2	5	15	BURGERSANDWICH
McRib ® 7.3 oz (208 g)	500	26	10	0	70	980	44	3	11	22	BURGERSANDWICH
Premium McWrap Chicken & Bacon (Buttermilk Crispy) 11.1 oz (314 g)	690	34	10	0.5	100	1450	58	4	6	36	BURGERSANDWICH
Premium McWrap Chicken & Bacon (Grilled) 11 oz (312 g)	500	19	8	0.5	115	1570	41	3	5	41	BURGERSANDWICH
Premium McWrap Chicken & Ranch (Buttermilk Crispy) 10.9 oz (309 g)	660	34	9	0.5	85	1250	59	4	6	31	BURGERSANDWICH
Premium McWrap Chicken & Ranch (Grilled) 10.8 oz (306 g)	470	19	7	0.5	100	1370	41	3	5	35	BURGERSANDWICH
Premium McWrap Chicken Sweet Chili (Buttermilk Crispy) 10.6 oz (301 g)	590	25	5	0	65	1160	64	4	12	27	BURGERSANDWICH
Premium McWrap Chicken Sweet Chili (Grilled) 10.4 oz (294 g)	400	10	3	0	80	1250	46	3	11	31	BURGERSANDWICH
Big Mac 7.5 oz (212 g)	540	28	10	1	80	970	47	3	9	25	BURGERSANDWICH
Quarter Pounder® with Cheese 7.3 oz (206 g)	540	28	13	1.5	100	1110	42	3	10	31	BURGERSANDWICH
Double Quarter Pounder with Cheese 10.3 oz (291 g)	780	45	21	2.5	175	1310	43	3	10	50	BURGERSANDWICH
Hamburger 3.5 oz (99 g)	250	8	3	0	30	490	32	1	6	12	BURGERSANDWICH
Cheeseburger 4 oz (113 g)	300	12	6	0.5	40	680	33	2	7	15	BURGERSANDWICH
BBQ Ranch Burger 4 oz (114 g)	350	15	6	0.5	45	670	37	3	7	15	BURGERSANDWICH
Grilled Onion Cheddar 4 oz (114 g)	310	13	6	0.5	45	640	32	2	6	15	BURGERSANDWICH
Double Cheeseburger 5.7 oz (163 g)	440	22	11	1	85	1050	35	2	7	25	BURGERSANDWICH
McDouble 5.2 oz (148 g)	390	18	8	1	70	850	34	2	7	22	BURGERSANDWICH
Bacon McDouble 5.7 oz (162 g)	460	23	10	1	85	1120	34	2	7	28	BURGERSANDWICH
Daily Double 6.8 oz (191 g)	440	24	9	1	75	770	34	2	7	22	BURGERSANDWICH
Ranch Snack Wrap® (Buttermilk Crispy) 4.6 oz (129 g)	380	21	6	0	45	760	33	2	2	16	BURGERSANDWICH
Ranch Snack Wrap® (Grilled) 4.5 oz (128 g)	290	13	4.5	0	55	820	25	1	2	19	BURGERSANDWICH
Mac Snack Wrap 4.4 oz (125 g)	330	19	7	1	45	670	26	1	3	14	BURGERSANDWICH
Jalapeño Double 5.7 oz (160 g)	440	24	9	1	75	990	35	2	6	23	BURGERSANDWICH
Premium Crispy Chicken Deluxe Sandwich 8 oz (227 g)	530	22	4	0	45	1000	59	3	13	25	BURGERSANDWICH
Quarter Pounder Deluxe 9.2 oz (260 g)	600	33	14	1.5	105	1200	44	3	11	31	BURGERSANDWICH
Artisan Grilled Chicken Sandwich 7.3 oz (207 g)	360	6	1.5	0	75	960	43	3	10	33	BURGERSANDWICH
Premium Buttermilk Crispy Chicken Deluxe Sandwich 8.1 oz (230 g)	580	24	4.5	0	65	900	62	4	11	29	BURGERSANDWICH
Premium Grilled Chicken Bacon Clubhouse Sandwich 10 oz (285 g)	610	26	8	0	125	1750	50	3	14	45	CHICKENFISH
Premium Buttermilk Crispy Chicken Bacon Clubhouse Sandwich 10.1 oz (287 g)	790	40	11	0.5	110	1620	67	5	15	40	CHICKENFISH
McChicken ® 5.1 oz (144 g)	370	17	3.5	0	40	650	40	2	5	14	CHICKENFISH
Buffalo Ranch McChicken 5.2 oz (148 g)	370	17	3.5	0	40	850	41	2	5	14	CHICKENFISH
Bacon Buffalo Ranch McChicken 5.7 oz (162 g)	440	21	5	0	55	1120	41	2	6	20	CHICKENFISH
Bacon Cheddar McChicken 6.1 oz (172 g)	490	25	7	0	70	1120	43	2	6	22	CHICKENFISH
Southern Style Buttermilk Crispy Chicken Sandwich 5.7 oz (162 g)	470	21	4.5	0	65	800	46	2	5	25	CHICKENFISH
Filet-O-Fish 5 oz (142 g)	390	19	4	0	40	590	39	2	5	15	CHICKENFISH
Premium McWrap Chicken & Bacon (Buttermilk Crispy) 11.1 oz (314 g)	690	34	10	0.5	100	1450	58	4	6	36	CHICKENFISH
Premium McWrap Chicken & Bacon (Grilled) 11 oz (312 g)	500	19	8	0.5	115	1570	41	3	5	41	CHICKENFISH
Premium McWrap Chicken & Ranch (Buttermilk Crispy) 10.9 oz (309 g)	660	34	9	0.5	85	1250	59	4	6	31	CHICKENFISH
Premium McWrap Chicken & Ranch (Grilled) 10.8 oz (306 g)	470	19	7	0.5	100	1370	41	3	5	35	CHICKENFISH
Premium McWrap Chicken Sweet Chili (Buttermilk Crispy) 10.6 oz (301 g)	590	25	5	0	65	1160	64	4	12	27	CHICKENFISH
Premium McWrap Chicken Sweet Chili (Grilled) 10.4 oz (294 g)	400	10	3	0	80	1250	46	3	11	31	CHICKENFISH
Chicken McNuggets® (10 piece) 5.7 oz (162 g)	470	30	5	0	65	900	30	2	0	22	CHICKENFISH
Ranch Snack Wrap® (Buttermilk Crispy) 4.6 oz (129 g)	380	21	6	0	45	760	33	2	2	16	CHICKENFISH
Chicken McNuggets® (20 piece) 11.4 oz (323 g)	940	59	10	0	135	1800	59	3	0	44	CHICKENFISH
Chicken McNuggets® (6 piece) 3.4 oz (97 g)	280	18	3	0	40	540	18	1	0	13	CHICKENFISH
Chicken McNuggets® (40 piece) 22.8 oz (646 g)	1880	118	20	1	265	3600	118	6	1	87	CHICKENFISH
Premium Bacon Ranch Salad with Buttermilk Crispy Chicken 9.5 oz (268 g)	490	29	8	0	100	1000	26	4	4	34	CHICKENFISH
Ranch Snack Wrap® (Grilled) 4.5 oz (128 g)	290	13	4.5	0	55	820	25	1	2	19	CHICKENFISH
Premium Bacon Ranch Salad with Grilled Chicken 9.4 oz (266 g)	310	14	6	0	115	1120	9	3	3	38	CHICKENFISH
Premium Southwest Salad with Buttermilk Crispy Chicken 10.4 oz (294 g)	510	26	6	0	75	790	43	7	9	28	CHICKENFISH
Premium Southwest Salad with Grilled Chicken 10.3 oz (292 g)	330	11	4	0	90	920	26	6	9	33	CHICKENFISH
Chicken McNuggets® (4 piece) 2.3 oz (65 g)	190	12	2	0	25	360	12	1	0	9	CHICKENFISH
Premium Crispy Chicken Deluxe Sandwich 8 oz (227 g)	530	22	4	0	45	1000	59	3	13	25	CHICKENFISH
Chicken Selects (3 pc) 4.4 oz (124 g)	370	22	3	0	70	680	20	1	0	23	CHICKENFISH
Artisan Grilled Chicken Sandwich 7.3 oz (207 g)	360	6	1.5	0	75	960	43	3	10	33	CHICKENFISH
Premium Buttermilk Crispy Chicken Deluxe Sandwich 8.1 oz (230 g)	580	24	4.5	0	65	900	62	4	11	29	CHICKENFISH
Bacon Clubhouse Crispy Chicken Sandwich 10 oz (284 g)	750	38	10	0.5	90	1720	65	4	16	36	CHICKENFISH
Premium McWrap Chicken & Bacon (Crispy) 11 oz (311 g)	640	32	9	0.5	80	1550	56	4	7	33	CHICKENFISH
Premium McWrap Chicken & Ranch (Crispy) 10.8 oz (305 g)	610	31	8	0.5	65	1350	56	4	7	27	CHICKENFISH
Premium McWrap Chicken Sweet Chili (Crispy) 10.5 oz (298 g)	540	23	4.5	0	50	1260	61	4	13	24	CHICKENFISH
Ranch Snack Wrap® (Crispy) 4.5 oz (128 g)	360	20	5	0	40	810	32	1	3	15	CHICKENFISH
Premium Bacon Ranch Salad with Crispy Chicken 9.3 oz (265 g)	450	26	8	0	85	1100	23	3	6	30	CHICKENFISH
Premium Southwest Salad with Crispy Chicken 10.4 oz (294 g)	470	24	6	0	60	890	41	7	11	25	CHICKENFISH
Fruit 'n Yogurt Parfait 5.2 oz (149 g)	150	2	1	0	5	80	30	1	23	4	BREAKFAST
Steak, Egg & Cheese Bagel 8.5 oz (242 g)	660	34	14	1.5	285	1490	56	3	7	33	BREAKFAST
Steak & Egg Biscuit (Regular Biscuit) 7 oz (198 g)	530	32	15	1	260	1420	37	2	3	25	BREAKFAST
Sausage McMuffin with Egg 5.7 oz (162 g)	470	30	12	0	275	830	29	1	2	21	BREAKFAST
Hotcakes and Sausage 6.7 oz (189 g)	510	25	8	0	55	830	55	2	13	15	BREAKFAST
Southern Style Chicken Biscuit (Regular Size Biscuit) 4.9 oz (140 g)	410	20	8	0	35	1140	40	1	3	17	BREAKFAST
Sausage Burrito 3.9 oz (111 g)	300	16	7	0	115	790	26	1	2	12	BREAKFAST
Fruit & Maple Oatmeal 8.9 oz (251 g)	290	4	1.5	0	5	160	58	5	32	5	BREAKFAST
Egg McMuffin® 4.7 oz (134 g)	300	12	6	0	245	730	29	1	2	17	BREAKFAST
Bacon, Egg & Cheese Biscuit (Regular Size Biscuit) 5.2 oz (147 g)	450	26	13	0	230	1260	36	2	3	19	BREAKFAST
Sausage Biscuit (Regular Size Biscuit) 4.1 oz (117 g)	440	30	12	0	40	1000	33	1	2	11	BREAKFAST
Sausage Biscuit with Egg (Regular Size Biscuit) 5.8 oz (164 g)	520	35	14	0	235	1080	35	2	2	17	BREAKFAST
Bacon, Egg & Cheese McGriddles 6.2 oz (175 g)	450	21	9	0	230	1240	48	2	15	19	BREAKFAST
Sausage McGriddles® 5.1 oz (144 g)	440	25	9	0	40	990	44	2	15	11	BREAKFAST
Sausage, Egg & Cheese McGriddles® 7.2 oz (205 g)	570	34	13	0	250	1270	47	2	15	19	BREAKFAST
Bacon, Egg & Cheese Bagel with Egg Whites 6.8 oz (194 g)	530	22	10	0.5	60	1330	55	3	7	27	BREAKFAST
Big Breakfast® (Regular Size Biscuit) 9.4 oz (267 g)	740	48	17	0	445	1480	50	3	2	25	BREAKFAST
Big Breakfast with Hotcakes (Regular Size Biscuit) 14.5 oz (412 g)	1050	56	19	0	465	2010	105	5	15	33	BREAKFAST
Cinnamon Melts 4 oz (114 g)	460	19	9	0	15	370	66	3	32	6	BREAKFAST
Hotcakes 5.1 oz (144 g)	320	7	1.5	0	20	530	54	2	13	8	BREAKFAST
Egg White Delight 4.8 oz (135 g)	250	7	4	0	30	760	29	1	3	18	BREAKFAST
HASH BROWNS 2 oz (56 g)	150	9	1.5	0	0	310	15	2	0	1	BREAKFAST
Bacon, Egg & Cheese Biscuit (Large Size Biscuit) 5.9 oz (166 g)	530	31	15	0	230	1420	43	3	4	19	BREAKFAST
Big Breakfast with Hotcakes (Large Size Biscuit) 15.2 oz (430 g)	1130	61	21	0	465	2170	111	7	16	33	BREAKFAST
Big Breakfast® (Large Size Biscuit) 10.1 oz (286 g)	810	54	19	0	445	1640	57	4	3	25	BREAKFAST
Sausage Biscuit (Large Size Biscuit) 4.8 oz (136 g)	520	35	14	0	40	1160	40	3	3	11	BREAKFAST
Sausage Biscuit with Egg (Large Size Biscuit) 6.4 oz (182 g)	600	41	16	0	235	1240	41	3	3	17	BREAKFAST
Southern Style Chicken Biscuit (Large Size Biscuit) 5.6 oz (159 g)	480	25	10	0	35	1300	46	3	4	17	BREAKFAST
Bacon, Egg & Cheese Biscuit with Egg Whites (Large Biscuit) 6 oz (170 g)	480	26	13	0	35	1430	42	3	4	20	BREAKFAST
Sausage McMuffin with Egg Whites 5.8 oz (163 g)	430	25	10	0	60	850	29	1	2	21	BREAKFAST
Bacon, Egg & Cheese McGriddles with Egg Whites 6.3 oz (178 g)	410	16	7	0	35	1260	47	2	16	20	BREAKFAST
Bacon, Egg & Cheese Biscuit with Egg Whites (Regular Biscuit)® 5.3 oz (150 g)	400	20	10	0	35	1270	35	2	3	19	BREAKFAST
Big Breakfast with Egg Whites (Large Size Biscuit) 10.3 oz (292 g)	730	45	16	0	45	1670	55	4	4	26	BREAKFAST
Big Breakfast with Egg Whites (Regular Size Biscuit) 9.6 oz (272 g)	650	39	14	0	45	1510	49	3	3	26	BREAKFAST
Big Breakfast with Hotcakes and Egg Whites (Large Biscuit) 15.4 oz (437 g)	1060	53	18	0	70	2200	109	7	16	34	BREAKFAST
Big Breakfast with Hotcakes and Egg Whites (Regular Biscuit) 14.7 oz (417 g)	970	47	15	0	65	2040	103	5	15	34	BREAKFAST
Fruit & Maple Oatmeal 8.9 oz (251 g)	290	4	1.5	0	5	160	58	5	32	5	BREAKFAST
Fruit & Maple Oatmeal without Brown Sugar 8.8 oz (250 g)	260	4	1.5	0	5	115	49	5	18	5	BREAKFAST
Sausage Biscuit with Egg Whites (Large Size Biscuit) 6.5 oz (185 g)	550	35	14	0	40	1260	40	3	3	18	BREAKFAST
Sausage Biscuit with Egg Whites (Regular Size Biscuit) 5.9 oz (167 g)	470	30	12	0	40	1100	33	1	2	18	BREAKFAST
Sausage, Egg & Cheese McGriddles with Egg Whites 7.4 oz (209 g)	530	29	11	0	55	1280	46	2	15	20	BREAKFAST
Bacon, Egg & Cheese Bagel 6.7 oz (191 g)	580	28	12	0.5	255	1330	55	3	7	27	BREAKFAST
Steak, Egg & Cheese McMuffin 6.4 oz (183 g)	430	23	10	1	285	970	30	2	2	26	BREAKFAST
Sausage McMuffin 4 oz (114 g)	400	25	10	0	60	750	28	1	2	14	BREAKFAST
Side Salad 2.7 oz (78 g)	15	0	0	0	0	10	3	2	1	1	SALAD
Premium Bacon Ranch Salad (without chicken) 5.9 oz (169 g)	190	12	6	0	40	530	8	3	3	14	SALAD
Premium Southwest Salad (without chicken) 6.1 oz (173 g)	160	7	3	0	15	190	18	5	4	8	SALAD
Premium Bacon Ranch Salad with Buttermilk Crispy Chicken 9.5 oz (268 g)	490	29	8	0	100	1000	26	4	4	34	SALAD
Premium Bacon Ranch Salad with Grilled Chicken 9.4 oz (266 g)	310	14	6	0	115	1120	9	3	3	38	SALAD
Premium Southwest Salad with Buttermilk Crispy Chicken 10.4 oz (294 g)	510	26	6	0	75	790	43	7	9	28	SALAD
Premium Southwest Salad with Grilled Chicken 10.3 oz (292 g)	330	11	4	0	90	920	26	6	9	33	SALAD
Fruit 'n Yogurt Parfait 5.2 oz (149 g)	150	2	1	0	5	80	30	1	23	4	SNACKSIDE
Small French Fries 2.6 oz (75 g)	230	11	1.5	0	0	130	30	2	0	2	SNACKSIDE
Apple Slices 1.2 oz (34 g)	15	0	0	0	0	0	4	0	3	0	SNACKSIDE
Side Salad 2.7 oz (78 g)	15	0	0	0	0	10	3	2	1	1	SNACKSIDE
Large French Fries 5.9 oz (168 g)	510	24	3.5	0	0	290	67	5	0	6	SNACKSIDE
Medium French Fries 3.9 oz (111 g)	340	16	2.5	0	0	190	44	4	0	4	SNACKSIDE
Kids Fries 1.3 oz (38 g)	110	5	1	0	0	65	15	1	0	1	SNACKSIDE
Ranch Snack Wrap® (Buttermilk Crispy) 4.6 oz (129 g)	380	21	6	0	45	760	33	2	2	16	SNACKSIDE
Ranch Snack Wrap® (Grilled) 4.5 oz (128 g)	290	13	4.5	0	55	820	25	1	2	19	SNACKSIDE
Mac Snack Wrap 4.4 oz (125 g)	330	19	7	1	45	670	26	1	3	14	SNACKSIDE
Go-GURT Strawberry Flavored Low Fat Yogurt Tube 2.3 oz (64 g)	50	0.5	0	0	5	35	9	0	6	2	SNACKSIDE
Cuties 3 oz (85 g)	40	0	0	0	0	0	10	1	8	1	SNACKSIDE
Mozzarella Sticks (Three pieces) 2.3 oz (65 g)	200	10	4	0	20	560	18	1	1	9	SNACKSIDE
McCafé Mocha (Small) 12 fl oz cup	340	11	7	0	35	150	49	2	42	10	BEVERAGE
Coffee (Small) 12 fl oz cup	0	0	0	0	0	0	0	0	0	0	BEVERAGE
Chocolate McCafé Shake (Small) 12 fl oz	560	16	10	1	60	240	91	1	77	12	BEVERAGE
Vanilla McCafé Shake (Small) 12 fl oz	530	15	10	1	60	160	86	0	63	11	BEVERAGE
Strawberry McCafé Shake (Small) 12 fl oz	550	16	10	1	60	160	90	0	79	12	BEVERAGE
Coffee (Large) 20 fl oz cup	0	0	0	0	0	0	0	0	0	0	BEVERAGE
Premium Roast Iced Coffee (Small) -	140	4.5	3	0	15	35	23	0	22	1	BEVERAGE
McCafé Caramel Mocha (Small) 12 fl oz cup	320	11	7	0	35	170	45	1	40	10	BEVERAGE
Frappe Mocha (Small) 12 fl oz cup	440	18	11	1	60	125	64	1	57	7	BEVERAGE
Frappe Caramel (Small) 12 fl oz cup	440	18	12	1	65	125	63	0	57	7	BEVERAGE
Frappe Chocolate Chip (Small) 12 fl oz cup	520	22	14	1	65	130	75	1	66	8	BEVERAGE
Blueberry Pomegranate Smoothie (Small) 12 fl oz cup	220	0.5	0	0	5	40	50	3	44	2	BEVERAGE
Strawberry Banana Smoothie (Small) 12 fl oz cup	210	0.5	0	0	5	50	47	3	44	3	BEVERAGE
Mango Pineapple Smoothie (Small) 12 fl oz cup	210	0.5	0	0	5	40	50	1	46	2	BEVERAGE
McCafé Hot Chocolate (Small) 12 fl oz cup	360	13	8	0	40	180	50	1	45	11	BEVERAGE
Minute Maid® 100% Apple Juice Box 6 fl oz (177 ml)	80	0	0	0	0	15	21	0	19	0	BEVERAGE
McCafé Latte (Small) 12 fl oz cup	170	9	5	0	25	115	15	1	12	9	BEVERAGE
Shamrock McCafe® Shake (Small) 12 fl oz cup	530	15	10	1	60	160	86	0	73	11	BEVERAGE
McCafé Iced Mocha (Small) 12 fl oz cup	290	11	6	0	35	125	40	1	34	8	BEVERAGE
McCafé Iced Caramel Mocha (Small) 12 fl oz cup	270	11	6	0	35	140	37	0	32	8	BEVERAGE
McCafé White Chocolate Mocha (Small) 12 fl oz cup	320	11	6	0	35	160	47	1	43	11	BEVERAGE
Coffee (Medium) 16 fl oz cup	0	0	0	0	0	0	0	0	0	0	BEVERAGE
Iced Coffee with Sugar Free French Vanilla Syrup (Large) -	160	9	6	0	35	135	18	0	2	2	BEVERAGE
Iced Coffee with Sugar Free French Vanilla Syrup (Medium) -	120	7	4.5	0	25	90	12	0	2	1	BEVERAGE
Iced Coffee with Sugar Free French Vanilla Syrup (Small) -	80	4.5	3	0	15	65	9	0	1	1	BEVERAGE
Iced Coffee Caramel (Large) -	260	9	6	0	35	65	43	0	42	2	BEVERAGE
Iced Coffee Caramel (Medium) -	180	7	4.5	0	25	50	29	0	28	1	BEVERAGE
Iced Coffee Caramel (Small) -	130	4.5	3	0	15	35	22	0	21	1	BEVERAGE
Iced Coffee French Vanilla (Large) -	240	9	6	0	35	80	41	0	39	2	BEVERAGE
Iced Coffee French Vanilla (Medium) -	170	7	4.5	0	25	55	27	0	26	1	BEVERAGE
Iced Coffee French Vanilla (Small) -	120	4.5	3	0	15	40	20	0	19	1	BEVERAGE
Iced Coffee Hazelnut (Large) -	250	9	6	0	35	75	43	0	41	2	BEVERAGE
Iced Coffee Hazelnut (Medium) -	180	7	4.5	0	25	50	29	0	28	1	BEVERAGE
Iced Coffee Hazelnut (Small) -	130	4.5	3	0	15	35	21	0	20	1	BEVERAGE
Iced Coffee Regular (Large) -	270	9	6	0	35	75	47	0	45	2	BEVERAGE
Iced Coffee Regular (Medium) -	190	7	4.5	0	25	50	31	0	30	1	BEVERAGE
Iced Coffee Regular (Small) -	140	4.5	3	0	15	35	23	0	22	1	BEVERAGE
Premium Roast Iced Coffee (Large) -	270	9	6	0	35	75	47	0	45	2	BEVERAGE
Premium Roast Iced Coffee (Medium) -	190	7	4.5	0	25	50	31	0	30	1	BEVERAGE
Fat Free Chocolate Milk Jug 1 carton (236 ml)	130	0	0	0	5	135	23	1	22	9	BEVERAGE
Minute Maid® Orange Juice (Small) 12 fl oz cup	150	0	0	0	0	0	34	0	30	2	BEVERAGE
Dasani® Water 16.9 fl oz (- {})	0	0	0	0	0	0	0	0	0	0	BEVERAGE
One-Percent Low Fat Milk Jug 1 carton (236 ml)	100	2.5	1.5	0	10	125	12	0	12	8	BEVERAGE
Coca-Cola® Classic (Small) 16 fl oz cup	140	0	0	0	0	0	39	0	39	0	BEVERAGE
Diet Coke® (Small) 16 fl oz cup	0	0	0	0	0	10	0	0	0	0	BEVERAGE
Dr Pepper® (Small) 16 fl oz cup	140	0	0	0	0	45	37	0	35	0	BEVERAGE
Diet Dr Pepper® (Small) 16 fl oz cup	0	0	0	0	0	70	0	0	0	2	BEVERAGE
Sprite® (Small) 16 fl oz cup	140	0	0	0	0	30	37	0	37	0	BEVERAGE
Hi-C® Orange Lavaburst (Small) 16 fl oz cup	160	0	0	0	0	0	43	0	42	0	BEVERAGE
Iced Tea (Small) (16 fl oz cup)	0	0	0	0	0	10	0	0	0	0	BEVERAGE
Sweet Tea (Small) 16 fl oz cup	160	0	0	0	0	10	40	0	40	0	BEVERAGE
Minute Maid® Orange Juice (Medium) 16 fl oz cup	190	0	0	0	0	0	44	0	39	3	BEVERAGE
POWERade® Mountain Blast (Small) 16 fl oz cup	80	0	0	0	0	75	21	0	21	0	BEVERAGE
Sweet Tea (Medium) 21 fl oz cup	220	0	0	0	0	15	56	0	56	0	BEVERAGE
Coca-Cola® Classic (Extra Small) 12 fl oz cup	100	0	0	0	0	0	28	0	28	0	BEVERAGE
Coca-Cola® Classic (Large) 30 fl oz cup	280	0	0	0	0	0	76	0	76	0	BEVERAGE
Coca-Cola® Classic (Medium) 21 fl oz cup	200	0	0	0	0	5	55	0	55	0	BEVERAGE
Diet Coke® (Extra Small) 12 fl oz cup	0	0	0	0	0	15	0	0	0	0	BEVERAGE
Diet Coke® (Large) 30 fl oz cup	0	0	0	0	0	35	0	0	0	0	BEVERAGE
Diet Coke® (Medium) 21 fl oz cup	0	0	0	0	0	20	0	0	0	0	BEVERAGE
Diet Dr Pepper® (Extra Small) 12 fl oz cup	0	0	0	0	0	50	0	0	0	1	BEVERAGE
Diet Dr Pepper® (Large) 30 fl oz cup	0	0	0	0	0	140	0	0	0	4	BEVERAGE
Diet Dr Pepper® (Medium) 21 fl oz cup	0	0	0	0	0	100	0	0	0	3	BEVERAGE
Dr Pepper® (Extra Small) 12 fl oz cup	100	0	0	0	0	30	27	0	26	0	BEVERAGE
Dr Pepper® (Large) 30 fl oz cup	270	0	0	0	0	90	72	0	70	0	BEVERAGE
Dr Pepper® (Medium) 21 fl oz cup	190	0	0	0	0	65	53	0	51	0	BEVERAGE
Hi-C® Orange Lavaburst (Extra Small) 12 fl oz cup	110	0	0	0	0	0	31	0	31	0	BEVERAGE
Hi-C® Orange Lavaburst (Large) 30 fl oz cup	310	0	0	0	0	0	84	0	84	0	BEVERAGE
Hi-C® Orange Lavaburst (Medium) 21 fl oz cup	230	0	0	0	0	0	61	0	61	0	BEVERAGE
Iced Tea (Extra Small) (12 fl oz cup)	0	0	0	0	0	5	0	0	0	0	BEVERAGE
Iced Tea (Large) (32 fl oz cup)	0	0	0	0	0	15	0	0	0	0	BEVERAGE
Iced Tea (Medium) (21 fl oz cup)	0	0	0	0	0	10	0	0	0	0	BEVERAGE
Minute Maid® Orange Juice (Large) 22 fl oz cup	280	0	0	0	0	0	65	0	58	4	BEVERAGE
POWERade® Mountain Blast (Extra Small) 12 fl oz cup	60	0	0	0	0	55	15	0	15	0	BEVERAGE
POWERade® Mountain Blast (Large) 30 fl oz cup	160	0	0	0	0	150	42	0	42	0	BEVERAGE
POWERade® Mountain Blast (Medium) 21 fl oz cup	120	0	0	0	0	105	30	0	30	0	BEVERAGE
Sprite® (Extra Small) 12 fl oz cup	100	0	0	0	0	25	27	0	27	0	BEVERAGE
Sprite® (Large) 30 fl oz cup	280	0	0	0	0	60	74	0	74	0	BEVERAGE
Sprite® (Medium) 21 fl oz cup	200	0	0	0	0	45	54	0	54	0	BEVERAGE
Sweet Tea (Extra Small) 12 fl oz cup	130	0	0	0	0	0	32	0	32	0	BEVERAGE
Sweet Tea (Large) 30 fl oz cup	280	0	0	0	0	15	71	0	71	1	BEVERAGE
McCafé White Hot Chocolate (Small) 13.3 oz (376 g)	350	13	8	0	40	180	48	0	46	12	BEVERAGE
McCafé White Hot Chocolate (Medium) 16.3 oz (463 g)	420	15	9	0.5	50	230	59	0	57	14	BEVERAGE
McCafé White Hot Chocolate (Large) 20.8 oz (589 g)	520	19	11	0.5	60	290	71	0	69	18	BEVERAGE
Red Flash (Extra Small) 9.2 oz (260 g)	110	0	0	0	0	0	29	0	29	0	BEVERAGE
Red Flash (Small) 12.6 oz (358 g)	150	0	0	0	0	0	41	0	41	0	BEVERAGE
Red Flash (Medium) 18.2 oz (515 g)	220	0	0	0	0	0	58	0	58	0	BEVERAGE
Red Flash (Large) 25 oz (709 g)	300	0	0	0	0	0	81	0	80	0	BEVERAGE
Iced Classic Lemonade (Small) 12.3 oz (348 g)	100	0	0	0	0	10	25	1	21	0	BEVERAGE
Iced Classic Lemonade (Medium) 15.6 oz (441 g)	130	0	0	0	0	15	32	1	28	0	BEVERAGE
Iced Classic Lemonade (Large) 20.3 oz (574 g)	170	0	0	0	0	15	43	1	37	1	BEVERAGE
Iced Classic Lemonade (Extra Large) 34.3 oz (973 g)	250	0	0	0	0	30	63	1	55	1	BEVERAGE
Frozen Classic Lemonade (Small) 12.6 oz (357 g)	160	0	0	0	0	10	40	0	36	0	BEVERAGE
Frozen Classic Lemonade (Medium) 15.6 oz (442 g)	200	0	0	0	0	15	50	0	44	0	BEVERAGE
Frozen Classic Lemonade (Large) 19.5 oz (553 g)	250	0	0	0	0	15	63	0	56	0	BEVERAGE
Frozen Classic Lemonade (Extra Large) 31.2 oz (885 g)	390	0	0	0	0	25	100	1	89	1	BEVERAGE
Iced Strawberry Lemonade (Small) 13.8 oz (390 g)	120	0	0	0	0	10	32	1	28	1	BEVERAGE
Iced Strawberry Lemonade (Medium) 17.6 oz (500 g)	160	0	0	0	0	15	43	1	37	1	BEVERAGE
Iced Strawberry Lemonade (Large) 22.9 oz (649 g)	220	0	0	0	0	20	57	1	50	1	BEVERAGE
Iced Strawberry Lemonade (Extra Large) 37.5 oz (1063 g)	310	0	0	0	0	30	80	1	71	1	BEVERAGE
Frozen Strawberry Lemonade (Small) 14.1 oz (399 g)	180	0	0	0	0	10	48	0	43	1	BEVERAGE
Frozen Strawberry Lemonade (Medium) 17.7 oz (501 g)	230	0	0	0	0	15	61	1	54	1	BEVERAGE
Frozen Strawberry Lemonade (Large) 22.1 oz (627 g)	290	0	0	0	0	15	76	1	68	1	BEVERAGE
Frozen Strawberry Lemonade (Extra Large) 34.4 oz (974 g)	450	0.5	0	0	0	25	117	1	105	1	BEVERAGE
Southern Style Iced Lemonade (Small) 12.3 oz (348 g)	140	0	0	0	0	105	37	0	33	0	BEVERAGE
Southern Style Iced Lemonade (Medium) 15.6 oz (441 g)	180	0	0	0	0	135	48	0	43	0	BEVERAGE
Southern Style Iced Lemonade (Large) 20.3 oz (574 g)	240	0	0	0	0	180	64	0	58	0	BEVERAGE
Southern Style Iced Lemonade (Extra Large) 34.3 oz (973 g)	350	0	0	0	0	270	94	0	86	0	BEVERAGE
Southern Style Frozen Lemonade (Small) 12.6 oz (357 g)	230	0	0	0	0	170	61	0	56	0	BEVERAGE
Southern Style Frozen Lemonade (Medium) 15.6 oz (442 g)	280	0	0	0	0	210	76	0	70	0	BEVERAGE
Southern Style Frozen Lemonade (Large) 19.5 oz (553 g)	360	0	0	0	0	270	95	0	87	0	BEVERAGE
Southern Style Frozen Lemonade (Extra Large) 31.2 oz (885 g)	570	0	0	0	0	420	151	0	139	0	BEVERAGE
Southern Style Iced Strawberry Lemonade (Small) 13.8 oz (390 g)	160	0	0	0	0	105	44	1	40	0	BEVERAGE
Southern Style Iced Strawberry Lemonade (Medium) 17.6 oz (500 g)	220	0	0	0	0	135	59	1	53	1	BEVERAGE
Southern Style Iced Strawberry Lemonade (Large) 22.9 oz (649 g)	290	0	0	0	0	180	78	1	71	1	BEVERAGE
Southern Style Iced Strawberry Lemonade (Extra Large) 37.5 oz (1063 g)	410	0	0	0	0	270	111	1	102	1	BEVERAGE
Southern Style Frozen Strawberry Lemonade (Small) 14.1 oz (399 g)	260	0	0	0	0	170	68	0	63	0	BEVERAGE
Southern Style Frozen Strawberry Lemonade (Medium) 17.7 oz (501 g)	320	0	0	0	0	210	86	0	79	0	BEVERAGE
Southern Style Frozen Strawberry Lemonade (Large) 22.1 oz (627 g)	400	0	0	0	0	270	108	0	100	0	BEVERAGE
Southern Style Frozen Strawberry Lemonade (Extra Large) 34.4 oz (974 g)	630	0	0	0	0	430	168	1	155	1	BEVERAGE
Oreo Frappe (Small) 14.6 oz (413 g)	540	20	12	1	60	170	82	1	68	7	BEVERAGE
Oreo Frappe (Medium) 18.3 oz (518 g)	650	24	14	1	75	200	102	1	84	9	BEVERAGE
Oreo Frappe (Large) 22.9 oz (648 g)	810	28	17	1	90	240	128	1	106	11	BEVERAGE
McCafé Mocha (Small) 12 fl oz cup	340	11	7	0	35	150	49	2	42	10	MCCAFE
Coffee (Small) 12 fl oz cup	0	0	0	0	0	0	0	0	0	0	MCCAFE
Chocolate McCafé Shake (Medium) 16 fl oz	700	20	12	1	75	300	114	2	97	15	MCCAFE
Chocolate McCafé Shake (Large) 22 fl oz	850	23	15	1	85	380	141	2	120	19	MCCAFE
Chocolate McCafé Shake (Small) 12 fl oz	560	16	10	1	60	240	91	1	77	12	MCCAFE
Vanilla McCafé Shake (Small) 12 fl oz	530	15	10	1	60	160	86	0	63	11	MCCAFE
Strawberry McCafé Shake (Small) 12 fl oz	550	16	10	1	60	160	90	0	79	12	MCCAFE
Coffee (Large) 20 fl oz cup	0	0	0	0	0	0	0	0	0	0	MCCAFE
Premium Roast Iced Coffee (Small) -	140	4.5	3	0	15	35	23	0	22	1	MCCAFE
McCafé Caramel Mocha (Small) 12 fl oz cup	320	11	7	0	35	170	45	1	40	10	MCCAFE
Frappe Mocha (Small) 12 fl oz cup	440	18	11	1	60	125	64	1	57	7	MCCAFE
Frappe Caramel (Small) 12 fl oz cup	440	18	12	1	65	125	63	0	57	7	MCCAFE
Frappe Chocolate Chip (Small) 12 fl oz cup	520	22	14	1	65	130	75	1	66	8	MCCAFE
Blueberry Pomegranate Smoothie (Small) 12 fl oz cup	220	0.5	0	0	5	40	50	3	44	2	MCCAFE
Strawberry Banana Smoothie (Small) 12 fl oz cup	210	0.5	0	0	5	50	47	3	44	3	MCCAFE
Mango Pineapple Smoothie (Small) 12 fl oz cup	210	0.5	0	0	5	40	50	1	46	2	MCCAFE
McCafé Hot Chocolate (Small) 12 fl oz cup	360	13	8	0	40	180	50	1	45	11	MCCAFE
McCafé Latte (Small) 12 fl oz cup	170	9	5	0	25	115	15	1	12	9	MCCAFE
Shamrock McCafe® Shake (Small) 12 fl oz cup	530	15	10	1	60	160	86	0	73	11	MCCAFE
McCafé Iced Mocha (Small) 12 fl oz cup	290	11	6	0	35	125	40	1	34	8	MCCAFE
McCafé White Chocolate Mocha (Medium) 16 fl oz cup	400	13	8	0	45	200	58	1	53	13	MCCAFE
McCafé Iced Caramel Mocha (Small) 12 fl oz cup	270	11	6	0	35	140	37	0	32	8	MCCAFE
McCafé Latte (Large) 20 fl oz cup	280	14	8	0	40	180	24	1	20	15	MCCAFE
McCafé Hot Chocolate (Medium) 16 fl oz cup	440	16	9	0.5	50	220	61	1	56	14	MCCAFE
Frappe Caramel (Large) 22 fl oz cup	670	27	17	1.5	95	190	96	0	88	11	MCCAFE
McCafé White Chocolate Mocha (Large) 20 fl oz cup	480	16	9	0.5	50	250	70	1	65	17	MCCAFE
McCafé Latte (Medium) 16 fl oz cup	210	10	6	0	30	140	18	1	15	11	MCCAFE
McCafé White Chocolate Mocha (Small) 12 fl oz cup	320	11	6	0	35	160	47	1	43	11	MCCAFE
Nonfat Latte (Medium) 16 fl oz cup	130	0	0	0	5	135	19	1	16	12	MCCAFE
Nonfat French Vanilla Latte (Small) 12 fl oz cup	190	0	0	0	5	115	39	1	37	10	MCCAFE
Nonfat French Vanilla Latte (Medium) 16 fl oz cup	240	0	0	0	5	140	49	1	46	12	MCCAFE
Nonfat Latte (Large) 20 fl oz cup	170	0.5	0	0	10	180	25	1	21	16	MCCAFE
Nonfat Caramel Latte (Small) 12 fl oz cup	200	0	0	0	5	110	41	1	39	10	MCCAFE
Nonfat French Vanilla Latte (Large) 20 fl oz cup	300	0.5	0	0	10	180	60	1	56	16	MCCAFE
Nonfat Caramel Latte (Medium) 16 fl oz cup	250	0	0	0	5	135	51	1	48	12	MCCAFE
Nonfat Caramel Latte (Large) 20 fl oz cup	310	0.5	0	0	10	180	63	1	59	16	MCCAFE
Nonfat Hazelnut Latte (Small) 12 fl oz cup	200	0	0	0	5	110	40	1	38	10	MCCAFE
Nonfat Hazelnut Latte (Medium) 16 fl oz cup	250	0	0	0	5	135	51	1	48	12	MCCAFE
Nonfat Hazelnut Latte (Large) 20 fl oz cup	310	0.5	0	0	10	180	63	1	59	16	MCCAFE
Nonfat Latte with Sugar Free French Vanilla Syrup (Small) 12 fl oz cup	140	0	0	0	5	150	24	1	13	10	MCCAFE
Nonfat Latte with Sugar Free French Vanilla Syrup (Medium) 16 fl oz cup	170	0	0	0	5	180	30	1	16	12	MCCAFE
Nonfat Latte with Sugar Free French Vanilla Syrup (Large) 20 fl oz cup	220	0.5	0	0	10	240	38	2	21	16	MCCAFE
McCafé Caramel Mocha (Medium) 16 fl oz cup	390	14	8	0	40	220	55	1	50	12	MCCAFE
McCafé Caramel Mocha (Large) 20 fl oz cup	480	17	10	0.5	50	270	66	1	60	16	MCCAFE
Hot Chocolate (Small) 12 fl oz cup	360	13	8	0	40	180	50	1	45	11	MCCAFE
Hot Chocolate (Medium) 16 fl oz cup	440	16	9	0.5	50	220	61	1	56	14	MCCAFE
Hot Chocolate (Large) 20 fl oz cup	540	20	12	0.5	60	280	73	1	68	17	MCCAFE
Hot Chocolate with Nonfat Milk (Small) 12 fl oz cup	280	3.5	2	0	15	180	50	1	46	12	MCCAFE
Hot Chocolate with Nonfat Milk (Medium) 16 fl oz cup	340	3.5	2	0	15	220	61	1	57	14	MCCAFE
Blueberry Pomegranate Smoothie (Large) 22 fl oz cup	340	1	0.5	0	5	65	79	5	70	4	MCCAFE
Blueberry Pomegranate Smoothie (Medium) 16 fl oz cup	260	1	0	0	5	50	62	4	54	3	MCCAFE
Coffee (Medium) 16 fl oz cup	0	0	0	0	0	0	0	0	0	0	MCCAFE
Frappe Chocolate Chip (Large) 22 fl oz cup	750	31	20	1.5	95	200	110	1	99	12	MCCAFE
Frappe Chocolate Chip (Medium) 16 fl oz cup	620	26	17	1	80	160	90	1	81	9	MCCAFE
Hot Chocolate with Nonfat Milk (Large) 20 fl oz cup	400	3.5	2.5	0	20	280	74	1	69	19	MCCAFE
Mango Pineapple Smoothie (Large) 22 fl oz cup	340	1	0.5	0	5	60	78	2	72	4	MCCAFE
Mango Pineapple Smoothie (Medium) 16 fl oz cup	260	1	0	0	5	45	61	1	56	3	MCCAFE
Iced Mocha (Medium) 16 fl oz cup	340	12	7	0	40	150	49	1	43	9	MCCAFE
Iced Mocha with Nonfat Milk (Medium) 16 fl oz cup	280	5	3	0	20	150	50	1	43	10	MCCAFE
Iced Caramel Mocha (Small) 12 fl oz cup	270	11	6	0	35	140	37	0	32	8	MCCAFE
Iced Caramel Mocha (Medium) 16 fl oz cup	330	12	7	0	40	170	46	1	41	9	MCCAFE
Iced Caramel Mocha (Large) 22 fl oz cup	450	16	9	0.5	50	250	64	1	58	13	MCCAFE
Iced Nonfat Caramel Mocha (Small) 12 fl oz cup	220	4.5	3	0	20	140	38	0	33	8	MCCAFE
Iced Nonfat Caramel Mocha (Medium) 16 fl oz cup	270	4.5	3	0	20	170	46	1	41	10	MCCAFE
Iced Nonfat Caramel Mocha (Large) 22 fl oz cup	360	5	3	0	20	250	65	1	59	14	MCCAFE
Frappe Mocha (Medium) 16 fl oz cup	540	22	14	1	75	160	79	1	71	9	MCCAFE
Frappe Mocha (Large) 22 fl oz cup	670	26	17	1	90	190	97	1	88	11	MCCAFE
Frappe Caramel (Medium) 16 fl oz cup	550	22	14	1	80	160	78	0	71	9	MCCAFE
Strawberry Banana Smoothie (Medium) 16 fl oz cup	250	1	0	0	5	60	58	3	54	4	MCCAFE
Strawberry Banana Smoothie (Large) 22 fl oz cup	330	1	0.5	0	5	80	74	4	70	5	MCCAFE
Iced Coffee with Sugar Free French Vanilla Syrup (Large) -	160	9	6	0	35	135	18	0	2	2	MCCAFE
Iced Coffee with Sugar Free French Vanilla Syrup (Medium) -	120	7	4.5	0	25	90	12	0	2	1	MCCAFE
Iced Coffee with Sugar Free French Vanilla Syrup (Small) -	80	4.5	3	0	15	65	9	0	1	1	MCCAFE
Iced Coffee Caramel (Large) -	260	9	6	0	35	65	43	0	42	2	MCCAFE
Iced Coffee Caramel (Medium) -	180	7	4.5	0	25	50	29	0	28	1	MCCAFE
Iced Coffee Caramel (Small) -	130	4.5	3	0	15	35	22	0	21	1	MCCAFE
Iced Coffee French Vanilla (Large) -	240	9	6	0	35	80	41	0	39	2	MCCAFE
Iced Coffee French Vanilla (Medium) -	170	7	4.5	0	25	55	27	0	26	1	MCCAFE
Iced Coffee French Vanilla (Small) -	120	4.5	3	0	15	40	20	0	19	1	MCCAFE
Iced Coffee Hazelnut (Large) -	250	9	6	0	35	75	43	0	41	2	MCCAFE
Iced Coffee Hazelnut (Medium) -	180	7	4.5	0	25	50	29	0	28	1	MCCAFE
Iced Coffee Hazelnut (Small) -	130	4.5	3	0	15	35	21	0	20	1	MCCAFE
Iced Coffee Regular (Large) -	270	9	6	0	35	75	47	0	45	2	MCCAFE
Iced Coffee Regular (Medium) -	190	7	4.5	0	25	50	31	0	30	1	MCCAFE
Iced Coffee Regular (Small) -	140	4.5	3	0	15	35	23	0	22	1	MCCAFE
Premium Roast Iced Coffee (Large) -	270	9	6	0	35	75	47	0	45	2	MCCAFE
Premium Roast Iced Coffee (Medium) -	190	7	4.5	0	25	50	31	0	30	1	MCCAFE
Strawberry McCafé Shake (Medium) 16 fl oz	690	20	13	1	75	210	114	0	100	15	MCCAFE
Strawberry McCafé Shake (Large) 22 fl oz	850	24	15	1	90	260	140	0	123	18	MCCAFE
Vanilla McCafé Shake (Medium) 16 fl oz	660	19	12	1	75	200	109	0	81	14	MCCAFE
Vanilla McCafé Shake (Large) 22 fl oz	820	23	15	1	90	260	135	0	101	18	MCCAFE
Shamrock McCafe® Shake (Medium) 16 fl oz cup	660	19	12	1	75	210	109	0	93	14	MCCAFE
Shamrock McCafe® Shake (Large) 22 fl oz cup	820	23	15	1	90	260	135	0	115	18	MCCAFE
McCafé Hot Chocolate (Large) 20 fl oz cup	540	20	12	0.5	60	280	73	1	68	17	MCCAFE
Iced Mocha (Large) 22 fl oz cup	480	16	9	0.5	50	220	69	2	61	13	MCCAFE
Iced Mocha (Small) 12 fl oz cup	290	11	6	0	35	125	40	1	34	8	MCCAFE
Iced Mocha with Nonfat Milk (Large) 22 fl oz cup	380	5	3	0	20	220	70	2	62	14	MCCAFE
Iced Mocha with Nonfat Milk (Small) 12 fl oz cup	240	4.5	3	0	20	125	40	1	34	8	MCCAFE
McCafé Iced Mocha (Large) 22 fl oz cup	480	16	9	0.5	50	220	69	2	61	13	MCCAFE
McCafé Iced Mocha (Medium) 16 fl oz cup	340	12	7	0	40	150	49	1	43	9	MCCAFE
McCafé Iced Caramel Mocha (Medium) 16 fl oz cup	330	12	7	0	40	170	46	1	41	9	MCCAFE
McCafé Iced Caramel Mocha (Large) 22 fl oz cup	450	16	9	0.5	50	250	64	1	58	13	MCCAFE
Mocha (Small) 12 fl oz cup	340	11	7	0	35	150	49	2	42	10	MCCAFE
Mocha (Medium) 16 fl oz cup	410	14	8	0	40	190	60	2	53	13	MCCAFE
Mocha (Large) 20 fl oz cup	500	17	10	0.5	50	240	72	2	63	16	MCCAFE
Mocha with Nonfat Milk (Small) 12 fl oz cup	270	3.5	2	0	15	150	49	2	43	11	MCCAFE
Mocha with Nonfat Milk (Medium) 16 fl oz cup	330	3.5	2	0	15	190	60	2	53	13	MCCAFE
Mocha with Nonfat Milk (Large) 20 fl oz cup	390	4	2.5	0	20	240	73	2	64	17	MCCAFE
Caramel Mocha (Small) 12 fl oz cup	320	11	7	0	35	170	45	1	40	10	MCCAFE
Caramel Mocha (Medium) 16 fl oz cup	390	14	8	0	40	220	55	1	50	12	MCCAFE
Caramel Mocha (Large) 20 fl oz cup	480	17	10	0.5	50	270	66	1	60	16	MCCAFE
Nonfat Caramel Mocha (Small) 12 fl oz cup	250	3.5	2	0	15	170	45	1	41	10	MCCAFE
Nonfat Caramel Mocha (Medium) 16 fl oz cup	310	3.5	2	0	15	210	56	1	51	13	MCCAFE
Nonfat Caramel Mocha (Large) 20 fl oz cup	370	3.5	2.5	0	20	270	67	1	61	17	MCCAFE
Latte (Small) 12 fl oz cup	170	9	5	0	25	115	15	1	12	9	MCCAFE
McCafé Mocha (Large) 20 fl oz cup	500	17	10	0.5	50	240	72	2	63	16	MCCAFE
McCafé Mocha (Medium) 16 fl oz cup	410	14	8	0	40	190	60	2	53	13	MCCAFE
Latte (Medium) 16 fl oz cup	210	10	6	0	30	140	18	1	15	11	MCCAFE
Latte (Large) 20 fl oz cup	280	14	8	0	40	180	24	1	20	15	MCCAFE
Caramel Latte (Large) 20 fl oz cup	430	14	8	0	40	180	62	1	59	15	MCCAFE
Caramel Latte (Medium) 16 fl oz cup	340	10	6	0	30	140	50	1	48	11	MCCAFE
Caramel Latte (Small) 12 fl oz cup	270	9	5	0	25	115	40	1	38	9	MCCAFE
Hazelnut Latte (Small) 12 fl oz cup	270	9	5	0	25	115	40	1	38	9	MCCAFE
Hazelnut Latte (Medium) 16 fl oz cup	330	10	6	0	30	140	50	1	47	11	MCCAFE
Hazelnut Latte (Large) 20 fl oz cup	430	14	8	0	40	180	62	1	58	15	MCCAFE
French Vanilla Latte (Small) 12 fl oz cup	260	9	5	0	25	115	38	1	36	9	MCCAFE
French Vanilla Latte (Medium) 16 fl oz cup	330	10	6	0	30	140	48	1	45	11	MCCAFE
French Vanilla Latte (Large) 20 fl oz cup	420	14	8	0	40	190	60	1	56	15	MCCAFE
Latte with Sugar Free French Vanilla Syrup (Small) 12 fl oz cup	210	9	5	0	25	150	24	1	12	9	MCCAFE
Latte with Sugar Free French Vanilla Syrup (Medium) 16 fl oz cup	260	10	6	0	30	190	29	1	15	12	MCCAFE
Latte with Sugar Free French Vanilla Syrup (Large) 20 fl oz cup	330	14	8	0	40	240	37	2	20	15	MCCAFE
Nonfat Latte (Small) 12 fl oz cup	100	0	0	0	5	110	15	1	13	10	MCCAFE
White Hot Chocolate (Small) 13.3 oz (376 g)	350	13	8	0	40	180	48	0	46	12	MCCAFE
White Hot Chocolate (Medium) 16.3 oz (463 g)	420	15	9	0.5	50	230	59	0	57	14	MCCAFE
White Hot Chocolate (Large) 20.8 oz (589 g)	520	19	11	0.5	60	290	71	0	69	18	MCCAFE
Nonfat White Hot Chocolate (Small) 13.3 oz (376 g)	260	3	2	0	15	180	48	0	46	12	MCCAFE
Nonfat White Hot Chocolate (Medium) 16.4 oz (464 g)	320	3	2	0	20	220	59	0	58	15	MCCAFE
Nonfat White Hot Chocolate (Large) 20.8 oz (590 g)	380	3	2	0	20	280	72	0	70	19	MCCAFE
McCafé White Hot Chocolate (Small) 13.3 oz (376 g)	350	13	8	0	40	180	48	0	46	12	MCCAFE
McCafé White Hot Chocolate (Medium) 16.3 oz (463 g)	420	15	9	0.5	50	230	59	0	57	14	MCCAFE
McCafé White Hot Chocolate (Large) 20.8 oz (589 g)	520	19	11	0.5	60	290	71	0	69	18	MCCAFE
Iced Classic Lemonade (Small) 12.3 oz (348 g)	100	0	0	0	0	10	25	1	21	0	MCCAFE
Frozen Classic Lemonade (Small) 12.6 oz (357 g)	160	0	0	0	0	10	40	0	36	0	MCCAFE
Iced Strawberry Lemonade (Small) 13.8 oz (390 g)	120	0	0	0	0	10	32	1	28	1	MCCAFE
Frozen Strawberry Lemonade (Small) 14.1 oz (399 g)	180	0	0	0	0	10	48	0	43	1	MCCAFE
Oreo Frappe (Small) 14.6 oz (413 g)	540	20	12	1	60	170	82	1	68	7	MCCAFE
Baked Hot Apple Pie 2.7 oz (77 g)	250	13	7	0	0	170	32	4	13	2	DESSERTSHAKE
Chocolate Chip Cookie 1 cookie (33 g)	160	8	3.5	0	10	90	21	1	15	2	DESSERTSHAKE
Oatmeal Raisin Cookie 1 cookie (33 g)	150	6	2.5	0	10	135	22	1	13	2	DESSERTSHAKE
Fruit 'n Yogurt Parfait 5.2 oz (149 g)	150	2	1	0	5	80	30	1	23	4	DESSERTSHAKE
Chocolate McCafé Shake (Medium) 16 fl oz	700	20	12	1	75	300	114	2	97	15	DESSERTSHAKE
Chocolate McCafé Shake (Large) 22 fl oz	850	23	15	1	85	380	141	2	120	19	DESSERTSHAKE
Vanilla Reduced Fat Ice Cream Cone 3.7 oz (105 g)	170	4.5	3	0	15	70	27	0	20	5	DESSERTSHAKE
Kiddie Cone 1 oz (29 g)	45	1.5	1	0	5	20	7	0	6	1	DESSERTSHAKE
Hot Fudge Sundae 6.3 oz (179 g)	330	9	7	0	25	170	53	1	48	8	DESSERTSHAKE
Hot Caramel Sundae 6.4 oz (182 g)	340	8	5	0	30	150	60	0	43	7	DESSERTSHAKE
Strawberry Sundae 6.3 oz (178 g)	280	6	4	0	25	85	49	0	45	6	DESSERTSHAKE
McFlurry® with M&M'S® Chocolate Candies (12 fl oz cup) 12 fl oz cup (310 g)	650	23	14	0.5	50	180	96	1	89	13	DESSERTSHAKE
McFlurry® with OREO® Cookies (12 fl oz cup) 10.1 oz (285 g)	520	17	9	0.5	45	260	80	1	64	12	DESSERTSHAKE
Chocolate McCafé Shake (Small) 12 fl oz	560	16	10	1	60	240	91	1	77	12	DESSERTSHAKE
Vanilla McCafé Shake (Small) 12 fl oz	530	15	10	1	60	160	86	0	63	11	DESSERTSHAKE
Strawberry McCafé Shake (Small) 12 fl oz	550	16	10	1	60	160	90	0	79	12	DESSERTSHAKE
STRAWBERRY & CREME PIE 3.03 oz (86 g)	310	17	9	0	10	180	36	1	15	4	DESSERTSHAKE
Shamrock McCafe® Shake (Small) 12 fl oz cup	530	15	10	1	60	160	86	0	73	11	DESSERTSHAKE
Snack Size McFlurry® with M&M'S® Chocolate Candies 7.3 oz (207 g)	430	15	10	0	35	120	64	1	59	9	DESSERTSHAKE
Snack Size McFlurry® with OREO® Cookies 6.7 oz (190 g)	340	11	6	0	30	170	53	0	43	8	DESSERTSHAKE
Strawberry McCafé Shake (Medium) 16 fl oz	690	20	13	1	75	210	114	0	100	15	DESSERTSHAKE
Strawberry McCafé Shake (Large) 22 fl oz	850	24	15	1	90	260	140	0	123	18	DESSERTSHAKE
Vanilla McCafé Shake (Medium) 16 fl oz	660	19	12	1	75	200	109	0	81	14	DESSERTSHAKE
Vanilla McCafé Shake (Large) 22 fl oz	820	23	15	1	90	260	135	0	101	18	DESSERTSHAKE
Shamrock McCafe® Shake (Medium) 16 fl oz cup	660	19	12	1	75	210	109	0	93	14	DESSERTSHAKE
Shamrock McCafe® Shake (Large) 22 fl oz cup	820	23	15	1	90	260	135	0	115	18	DESSERTSHAKE
Fried Cherry Pie 2.9 oz (81 g)	230	10	3.5	0	0	135	33	1	15	2	DESSERTSHAKE
Grape Jam 0.5 oz (14 g)	35	0	0	0	0	0	9	0	9	0	CONDIMENT
Coffee Cream 0.4 fl oz (11 ml)	20	2	1.5	0	10	15	0	0	0	0	CONDIMENT
Strawberry Preserves 0.5 oz (14 g)	35	0	0	0	0	0	9	0	9	0	CONDIMENT
Sugar Packet 1 pkg (4 g)	15	0	0	0	0	0	4	0	4	0	CONDIMENT
EQUAL® ZERO Calorie Sweetener 1 pkg (1 g)	0	0	0	0	0	0	1	0	1	0	CONDIMENT
SPLENDA® No Calorie Sweetener 1 pkg (1 g)	0	0	0	0	0	0	1	0	1	0	CONDIMENT
Hot Habanero Sauce 22 oz (0 g)	80	7	1	0	10	180	5	1	2	1	CONDIMENT
Ketchup Packet 1 pkg (9 g)	10	0	0	0	0	90	2	0	2	0	CONDIMENT
Creamy Ranch Sauce 0.78 oz (22.134 g)	110	12	2	0	5	170	1	0	1	0	CONDIMENT
Newman's Own® Low Fat Sesame Ginger Dressing 1.5 fl oz (44 ml)	80	2.5	0	0	0	400	14	1	9	1	CONDIMENT
Spicy Buffalo Sauce 0.8 oz (22 g)	35	3	0	0	0	540	1	0	0	0	CONDIMENT
Newman's Own® Low Fat Balsamic Vinaigrette 1.5 fl oz (44 ml)	35	1.5	0	0	0	400	5	0	3	0	CONDIMENT
Newman's Own® Creamy Southwest Dressing 1.5 fl oz (44 ml)	120	8	1.5	0	20	300	11	0	3	1	CONDIMENT
Newman's Own® Low Fat Family Recipe Italian Dressing 1.5 fl oz (44 ml)	50	1.5	0	0	0	380	8	1	2	0	CONDIMENT
Salt Packet 1 pkg (0 g)	0	0	0	0	0	270	0	0	0	0	CONDIMENT
Honey 1 pkg (14 g)	50	0	0	0	0	0	12	0	11	0	CONDIMENT
Newman's Own® Ranch Dressing 2 fl oz (59 ml)	200	17	2.5	0	20	530	11	1	4	1	CONDIMENT
Sweet 'N Sour Sauce 1 pkg (28.4 g)	50	0	0	0	0	150	12	0	10	0	CONDIMENT
Hotcake Syrup 1 pkg (61 g)	180	0	0	0	0	0	44	0	34	0	CONDIMENT
Peanuts (for Sundaes) 0.3 oz (7 g)	45	3.5	0.5	0	0	0	2	1	0	2	CONDIMENT
Honey Mustard Sauce 0.8 oz (22 g)	60	4	0.5	0	5	115	6	1	5	0	CONDIMENT
Tangy Barbeque Sauce 1 pkg (28.35 g)	50	0	0	0	0	260	12	0	10	0	CONDIMENT
Buffalo Ranch McChicken 5.2 oz (148 g)	370	17	3.5	0	40	850	41	2	5	14	CONDIMENT
Whipped Margarine (1 pat) 1 pkg (6 g)	40	4.5	1.5	0	0	55	0	0	0	0	CONDIMENT
Tartar Sauce Cup 1 oz (28 g)	140	15	2.5	0	10	150	0	0	0	0	CONDIMENT
Marinara Sauce (Package) 0.8 oz (24 g)	15	0	0	0	0	75	2	0	2	0	CONDIMENT
Fruit 'n Yogurt Parfait 5.2 oz (149 g)	150	2	1	0	5	80	30	1	23	4	ALLDAYBREAKFAST
Sausage McMuffin with Egg 5.7 oz (162 g)	470	30	12	0	275	830	29	1	2	21	ALLDAYBREAKFAST
Hotcakes and Sausage 6.7 oz (189 g)	510	25	8	0	55	830	55	2	13	15	ALLDAYBREAKFAST
Sausage Burrito 3.9 oz (111 g)	300	16	7	0	115	790	26	1	2	12	ALLDAYBREAKFAST
Egg McMuffin® 4.7 oz (134 g)	300	12	6	0	245	730	29	1	2	17	ALLDAYBREAKFAST
Bacon, Egg & Cheese Biscuit (Regular Size Biscuit) 5.2 oz (147 g)	450	26	13	0	230	1260	36	2	3	19	ALLDAYBREAKFAST
Sausage Biscuit (Regular Size Biscuit) 4.1 oz (117 g)	440	30	12	0	40	1000	33	1	2	11	ALLDAYBREAKFAST
Sausage Biscuit with Egg (Regular Size Biscuit) 5.8 oz (164 g)	520	35	14	0	235	1080	35	2	2	17	ALLDAYBREAKFAST
Hotcakes 5.1 oz (144 g)	320	7	1.5	0	20	530	54	2	13	8	ALLDAYBREAKFAST
HASH BROWNS 2 oz (56 g)	150	9	1.5	0	0	310	15	2	0	1	ALLDAYBREAKFAST
Fruit & Maple Oatmeal 8.9 oz (251 g)	290	4	1.5	0	5	160	58	5	32	5	ALLDAYBREAKFAST
Sausage McMuffin 4 oz (114 g)	400	25	10	0	60	750	28	1	2	14	ALLDAYBREAKFAST